CREATE TABLE student_class (
    id INT PRIMARY KEY,
    code VARCHAR(8)
);

CREATE TABLE student (
    id INT PRIMARY KEY,
    class_id INT,
    full_name VARCHAR(64),

    FOREIGN KEY (class_id) REFERENCES student_class(id)
);

CREATE TABLE course (
    id INT PRIMARY KEY,
    title VARCHAR(32)
);

CREATE TABLE enrollment (
    id INT PRIMARY KEY,
    student_id INT,
    course_id INT,
    total_grade FLOAT,

    FOREIGN KEY (student_id) REFERENCES student(id),
    FOREIGN KEY (course_id) REFERENCES course(id)
);

CREATE TABLE activity (
    id INT PRIMARY KEY,
    course_id INT,
    title VARCHAR(32),
    grade_weight INT,

    FOREIGN KEY (course_id) REFERENCES course(id)
);

CREATE TABLE grade (
    id INT PRIMARY KEY,
    student_id INT,
    activity_id INT,
    result FLOAT,

    FOREIGN KEY (student_id) REFERENCES student(id),
    FOREIGN KEY (activity_id) REFERENCES activity(id)
);

INSERT INTO student_class 
    (id, code) 
VALUES
    (1, '1A'),
    (2, '1B'),
    (3, '1C');

INSERT INTO student 
    (id, class_id, full_name)
VALUES
    (1, 1, 'Vin Pasquale'),
    (2, 2, 'Etty Colkett'),
    (3, 3, 'Thorvald Mawer'),
    (4, 1, 'Ciro Kausche'),
    (5, 2, 'Tadd Melbourn'),
    (6, 3, 'Lebbie Castillo'),
    (7, 1, 'Lynnette Havers'),
    (8, 2, 'Gan Junes'),
    (9, 3, 'Gilberto McRavey'),
    (10, 1, 'Don Haizelden'),
    (11, 2, 'Pete Neads'),
    (12, 3, 'Marianne MacCartair'),
    (13, 1, 'Waldo Josephsen'),
    (14, 2, 'Judas Dumbrell'),
    (15, 3, 'Robinette Soro'),
    (16, 1, 'Doralyn Jado'),
    (17, 2, 'Edyth Kybert'),
    (18, 3, 'Staford Garment'),
    (19, 1, 'Siegfried Boule'),
    (20, 2, 'Mahmud Hamnett'),
    (21, 3, 'Rick Spillett'),
    (22, 1, 'Marcellus Varvell'),
    (23, 2, 'Lay Janout'),
    (24, 3, 'Leone Windows'),
    (25, 1, 'Ashil Libby'),
    (26, 2, 'Astra Pinnocke'),
    (27, 3, 'Sande McFarlan'),
    (28, 1, 'Rowena Nys'),
    (29, 2, 'Henrieta Gascoine'),
    (30, 3, 'Venus Jandak'),
    (31, 1, 'Reed Rockhall'),
    (32, 2, 'Cad Neicho'),
    (33, 3, 'Nickolas Jestico'),
    (34, 1, 'Rebeca Vaughan-Hughes'),
    (35, 2, 'Trip Bray'),
    (36, 3, 'Thekla Abramowsky'),
    (37, 1, 'Flint Rawood'),
    (38, 2, 'Melany Overton'),
    (39, 3, 'Thorpe Cratchley'),
    (40, 1, 'Valma Mulmuray'),
    (41, 2, 'Ashlie Yerill'),
    (42, 3, 'Adel Smeath'),
    (43, 1, 'Kippie De Lorenzo'),
    (44, 2, 'Myrtice Grob'),
    (45, 3, 'Amalee Kensall'),
    (46, 1, 'Roberto Guite'),
    (47, 2, 'Cammy Ranfield'),
    (48, 3, 'Aeriell Gyver'),
    (49, 1, 'Daryl Lergan'),
    (50, 2, 'Mace Vater'),
    (51, 3, 'Minni Elcoate'),
    (52, 1, 'Artemas Huthart'),
    (53, 2, 'Anatole Tollerton'),
    (54, 3, 'Obidiah Pearmine'),
    (55, 1, 'Harriett Compford'),
    (56, 2, 'Madison Flahy'),
    (57, 3, 'Enrika Wheeler'),
    (58, 1, 'Efrem Nicholas'),
    (59, 2, 'Georgi Spinello'),
    (60, 3, 'Jerry Devita'),
    (61, 1, 'Dyanne Grocott'),
    (62, 2, 'Sharleen Bisgrove'),
    (63, 3, 'Briano Beekmann'),
    (64, 1, 'Daisy Petters'),
    (65, 2, 'Abelard Ranby'),
    (66, 3, 'Brade Woodworth'),
    (67, 1, 'Goldia Ogan'),
    (68, 2, 'Ira Shearston'),
    (69, 3, 'Annabela Talboy'),
    (70, 1, 'Cobby Ronaldson'),
    (71, 2, 'Alan Lowfill'),
    (72, 3, 'Sigfried Gibbins'),
    (73, 1, 'Arnaldo Sture'),
    (74, 2, 'Ricca Beneix'),
    (75, 3, 'Engracia Brose'),
    (76, 1, 'Alyosha Neely'),
    (77, 2, 'Clare Ward'),
    (78, 3, 'Stanton Lawling'),
    (79, 1, 'Evey Reedick'),
    (80, 2, 'Ranna Barde'),
    (81, 3, 'Lesli Bomb'),
    (82, 1, 'Deva Sheahan'),
    (83, 2, 'Paco O''Beirne'),
    (84, 3, 'Wendall Franca'),
    (85, 1, 'Noelyn Skune'),
    (86, 2, 'Barrie O'' Cloney'),
    (87, 3, 'Fanchon Skade'),
    (88, 1, 'Derril Realff'),
    (89, 2, 'Betsey Robiot'),
    (90, 3, 'Balduin Warmisham');

INSERT INTO course
    (id, title)
VALUES
    (1, 'Português'),
    (2, 'Matemática'),
    (3, 'Ciências'),
    (4, 'História'),
    (5, 'Geografia');

INSERT INTO activity
    (id, course_id, title, grade_weight)
VALUES
    (1, 1, 'Atividade', 1),
    (2, 1, 'Trabalho', 2),
    (3, 1, 'Prova', 5),
    (4, 2, 'Atividade', 1),
    (5, 2, 'Trabalho', 2),
    (6, 2, 'Prova', 5),
    (7, 3, 'Atividade', 1),
    (8, 3, 'Trabalho', 2),
    (9, 3, 'Prova', 5),
    (10, 4, 'Atividade', 1),
    (11, 4, 'Trabalho', 2),
    (12, 4, 'Prova', 5),
    (13, 5, 'Atividade', 1),
    (14, 5, 'Trabalho', 2),
    (15, 5, 'Prova', 5);

INSERT INTO grade
    (id, student_id, activity_id, result)
VALUES
    (1, 1, 1, 9.7),
    (2, 1, 2, 6.3),
    (3, 1, 3, 7.1),
    (4, 1, 4, 1.4),
    (5, 1, 5, 1.0),
    (6, 1, 6, 9.0),
    (7, 1, 7, 4.4),
    (8, 1, 8, 2.4),
    (9, 1, 9, 3.5),
    (10, 1, 10, 3.5),
    (11, 1, 11, 5.6),
    (12, 1, 12, 1.2),
    (13, 1, 13, 6.2),
    (14, 1, 14, 7.0),
    (15, 1, 15, 3.8),
    (16, 2, 1, 6.0),
    (17, 2, 2, 8.5),
    (18, 2, 3, 6.8),
    (19, 2, 4, 6.0),
    (20, 2, 5, 1.7),
    (21, 2, 6, 0.8),
    (22, 2, 7, 2.1),
    (23, 2, 8, 9.4),
    (24, 2, 9, 2.7),
    (25, 2, 10, 3.3),
    (26, 2, 11, 0.3),
    (27, 2, 12, 6.6),
    (28, 2, 13, 5.1),
    (29, 2, 14, 9.3),
    (30, 2, 15, 1.8),
    (31, 3, 1, 2.3),
    (32, 3, 2, 6.5),
    (33, 3, 3, 3.2),
    (34, 3, 4, 5.2),
    (35, 3, 5, 2.7),
    (36, 3, 6, 0.2),
    (37, 3, 7, 5.9),
    (38, 3, 8, 7.4),
    (39, 3, 9, 4.4),
    (40, 3, 10, 4.8),
    (41, 3, 11, 2.2),
    (42, 3, 12, 3.0),
    (43, 3, 13, 6.7),
    (44, 3, 14, 8.5),
    (45, 3, 15, 4.9),
    (46, 4, 1, 6.4),
    (47, 4, 2, 10.0),
    (48, 4, 3, 7.9),
    (49, 4, 4, null),
    (50, 4, 5, null),
    (51, 4, 6, 9.9),
    (52, 4, 7, 5.9),
    (53, 4, 8, 2.8),
    (54, 4, 9, 9.8),
    (55, 4, 10, 3.7),
    (56, 4, 11, 6.6),
    (57, 4, 12, 3.5),
    (58, 4, 13, 5.0),
    (59, 4, 14, 3.2),
    (60, 4, 15, 6.3),
    (61, 5, 1, 5.7),
    (62, 5, 2, 6.8),
    (63, 5, 3, 5.9),
    (64, 5, 4, 8.3),
    (65, 5, 5, null),
    (66, 5, 6, 4.7),
    (67, 5, 7, 9.4),
    (68, 5, 8, 0.9),
    (69, 5, 9, 5.1),
    (70, 5, 10, 4.5),
    (71, 5, 11, 3.5),
    (72, 5, 12, 5.0),
    (73, 5, 13, 5.6),
    (74, 5, 14, 9.9),
    (75, 5, 15, 5.9),
    (76, 6, 1, 5.7),
    (77, 6, 2, 8.5),
    (78, 6, 3, 2.9),
    (79, 6, 4, 8.6),
    (80, 6, 5, 6.9),
    (81, 6, 6, 0.9),
    (82, 6, 7, 0.0),
    (83, 6, 8, 0.9),
    (84, 6, 9, 8.1),
    (85, 6, 10, 2.9),
    (86, 6, 11, 8.6),
    (87, 6, 12, 9.0),
    (88, 6, 13, 4.9),
    (89, 6, 14, 7.9),
    (90, 6, 15, 5.6),
    (91, 7, 1, 7.6),
    (92, 7, 2, 8.7),
    (93, 7, 3, 6.8),
    (94, 7, 4, 1.8),
    (95, 7, 5, 4.7),
    (96, 7, 6, 3.7),
    (97, 7, 7, 5.4),
    (98, 7, 8, 7.8),
    (99, 7, 9, 4.2),
    (100, 7, 10, 7.2),
    (101, 7, 11, 6.0),
    (102, 7, 12, 5.2),
    (103, 7, 13, 2.1),
    (104, 7, 14, 3.5),
    (105, 7, 15, 8.2),
    (106, 8, 1, 4.5),
    (107, 8, 2, 7.0),
    (108, 8, 3, 4.8),
    (109, 8, 4, 1.8),
    (110, 8, 5, 3.5),
    (111, 8, 6, 5.7),
    (112, 8, 7, 4.3),
    (113, 8, 8, null),
    (114, 8, 9, 3.3),
    (115, 8, 10, 1.3),
    (116, 8, 11, 7.4),
    (117, 8, 12, 3.0),
    (118, 8, 13, 0.5),
    (119, 8, 14, 7.3),
    (120, 8, 15, 3.7),
    (121, 9, 1, 2.1),
    (122, 9, 2, 9.6),
    (123, 9, 3, 8.5),
    (124, 9, 4, 9.8),
    (125, 9, 5, 5.7),
    (126, 9, 6, 9.0),
    (127, 9, 7, 1.3),
    (128, 9, 8, 1.3),
    (129, 9, 9, 1.5),
    (130, 9, 10, 3.9),
    (131, 9, 11, 6.4),
    (132, 9, 12, 3.2),
    (133, 9, 13, 1.8),
    (134, 9, 14, 9.7),
    (135, 9, 15, 0.3),
    (136, 10, 1, 0.7),
    (137, 10, 2, 5.4),
    (138, 10, 3, 4.9),
    (139, 10, 4, 2.9),
    (140, 10, 5, 9.2),
    (141, 10, 6, 9.9),
    (142, 10, 7, 7.2),
    (143, 10, 8, 9.6),
    (144, 10, 9, 5.0),
    (145, 10, 10, 0.1),
    (146, 10, 11, 3.4),
    (147, 10, 12, 8.6),
    (148, 10, 13, 5.8),
    (149, 10, 14, 0.4),
    (150, 10, 15, 6.2),
    (151, 11, 1, 4.0),
    (152, 11, 2, 1.8),
    (153, 11, 3, 9.4),
    (154, 11, 4, 3.0),
    (155, 11, 5, 8.8),
    (156, 11, 6, 8.0),
    (157, 11, 7, 4.4),
    (158, 11, 8, 1.6),
    (159, 11, 9, 2.7),
    (160, 11, 10, 1.4),
    (161, 11, 11, 3.7),
    (162, 11, 12, 2.6),
    (163, 11, 13, 6.3),
    (164, 11, 14, 4.8),
    (165, 11, 15, 3.3),
    (166, 12, 1, 6.0),
    (167, 12, 2, 9.2),
    (168, 12, 3, 4.6),
    (169, 12, 4, 6.1),
    (170, 12, 5, 7.0),
    (171, 12, 6, 1.8),
    (172, 12, 7, 2.8),
    (173, 12, 8, 2.9),
    (174, 12, 9, 4.2),
    (175, 12, 10, 7.4),
    (176, 12, 11, 4.1),
    (177, 12, 12, 5.8),
    (178, 12, 13, 6.2),
    (179, 12, 14, 9.7),
    (180, 12, 15, 2.6),
    (181, 13, 1, 4.3),
    (182, 13, 2, 4.2),
    (183, 13, 3, 4.4),
    (184, 13, 4, 2.8),
    (185, 13, 5, 3.6),
    (186, 13, 6, 8.0),
    (187, 13, 7, 9.8),
    (188, 13, 8, 3.1),
    (189, 13, 9, 2.6),
    (190, 13, 10, 1.8),
    (191, 13, 11, 5.4),
    (192, 13, 12, 9.0),
    (193, 13, 13, 3.1),
    (194, 13, 14, 3.8),
    (195, 13, 15, 9.0),
    (196, 14, 1, 1.5),
    (197, 14, 2, null),
    (198, 14, 3, 8.6),
    (199, 14, 4, 5.0),
    (200, 14, 5, 3.4),
    (201, 14, 6, 8.4),
    (202, 14, 7, 4.1),
    (203, 14, 8, 7.0),
    (204, 14, 9, 7.9),
    (205, 14, 10, 6.2),
    (206, 14, 11, 6.6),
    (207, 14, 12, null),
    (208, 14, 13, 7.5),
    (209, 14, 14, 5.4),
    (210, 14, 15, 2.0),
    (211, 15, 1, 9.3),
    (212, 15, 2, 0.7),
    (213, 15, 3, 3.6),
    (214, 15, 4, 4.3),
    (215, 15, 5, 8.2),
    (216, 15, 6, 4.7),
    (217, 15, 7, 8.5),
    (218, 15, 8, 6.1),
    (219, 15, 9, 6.0),
    (220, 15, 10, 9.0),
    (221, 15, 11, 2.9),
    (222, 15, 12, 7.2),
    (223, 15, 13, 8.4),
    (224, 15, 14, 6.4),
    (225, 15, 15, 7.4),
    (226, 16, 1, 5.4),
    (227, 16, 2, 2.2),
    (228, 16, 3, 0.7),
    (229, 16, 4, 5.6),
    (230, 16, 5, 6.4),
    (231, 16, 6, 4.7),
    (232, 16, 7, 5.5),
    (233, 16, 8, 9.5),
    (234, 16, 9, 8.3),
    (235, 16, 10, 9.2),
    (236, 16, 11, 3.9),
    (237, 16, 12, 7.8),
    (238, 16, 13, 9.8),
    (239, 16, 14, 0.2),
    (240, 16, 15, 0.1),
    (241, 17, 1, 7.4),
    (242, 17, 2, 4.2),
    (243, 17, 3, 7.8),
    (244, 17, 4, 1.1),
    (245, 17, 5, 9.2),
    (246, 17, 6, 9.6),
    (247, 17, 7, 9.3),
    (248, 17, 8, 8.3),
    (249, 17, 9, 6.8),
    (250, 17, 10, 7.3),
    (251, 17, 11, 6.4),
    (252, 17, 12, 5.7),
    (253, 17, 13, 5.8),
    (254, 17, 14, 5.4),
    (255, 17, 15, 3.1),
    (256, 18, 1, null),
    (257, 18, 2, 2.2),
    (258, 18, 3, 4.0),
    (259, 18, 4, 6.9),
    (260, 18, 5, 7.6),
    (261, 18, 6, 3.6),
    (262, 18, 7, 5.0),
    (263, 18, 8, 1.8),
    (264, 18, 9, 9.6),
    (265, 18, 10, 7.0),
    (266, 18, 11, 0.3),
    (267, 18, 12, 4.8),
    (268, 18, 13, 8.6),
    (269, 18, 14, 6.8),
    (270, 18, 15, 8.8),
    (271, 19, 1, 1.1),
    (272, 19, 2, 3.0),
    (273, 19, 3, 8.7),
    (274, 19, 4, 6.2),
    (275, 19, 5, 1.7),
    (276, 19, 6, 4.4),
    (277, 19, 7, 9.1),
    (278, 19, 8, 5.9),
    (279, 19, 9, 5.7),
    (280, 19, 10, 2.0),
    (281, 19, 11, 3.9),
    (282, 19, 12, 2.9),
    (283, 19, 13, 7.8),
    (284, 19, 14, 3.0),
    (285, 19, 15, 3.1),
    (286, 20, 1, 3.5),
    (287, 20, 2, 5.9),
    (288, 20, 3, 4.7),
    (289, 20, 4, 9.7),
    (290, 20, 5, 9.7),
    (291, 20, 6, 6.8),
    (292, 20, 7, 7.9),
    (293, 20, 8, 6.5),
    (294, 20, 9, 8.5),
    (295, 20, 10, 3.9),
    (296, 20, 11, 9.8),
    (297, 20, 12, 7.3),
    (298, 20, 13, 8.1),
    (299, 20, 14, 8.0),
    (300, 20, 15, 2.6),
    (301, 21, 1, 4.8),
    (302, 21, 2, 4.5),
    (303, 21, 3, 3.2),
    (304, 21, 4, 10.0),
    (305, 21, 5, 6.4),
    (306, 21, 6, 1.1),
    (307, 21, 7, 4.1),
    (308, 21, 8, 7.6),
    (309, 21, 9, 4.2),
    (310, 21, 10, 5.1),
    (311, 21, 11, 6.3),
    (312, 21, 12, 7.8),
    (313, 21, 13, 3.9),
    (314, 21, 14, 8.6),
    (315, 21, 15, 3.3),
    (316, 22, 1, 4.2),
    (317, 22, 2, 5.6),
    (318, 22, 3, 6.4),
    (319, 22, 4, 1.9),
    (320, 22, 5, 2.1),
    (321, 22, 6, 5.5),
    (322, 22, 7, 8.7),
    (323, 22, 8, 3.5),
    (324, 22, 9, 1.7),
    (325, 22, 10, 9.0),
    (326, 22, 11, 2.5),
    (327, 22, 12, 4.4),
    (328, 22, 13, 7.0),
    (329, 22, 14, 2.4),
    (330, 22, 15, 1.9),
    (331, 23, 1, 9.0),
    (332, 23, 2, null),
    (333, 23, 3, 9.6),
    (334, 23, 4, 3.2),
    (335, 23, 5, 0.2),
    (336, 23, 6, 5.6),
    (337, 23, 7, 4.5),
    (338, 23, 8, 7.5),
    (339, 23, 9, 6.4),
    (340, 23, 10, 6.2),
    (341, 23, 11, 4.3),
    (342, 23, 12, 0.1),
    (343, 23, 13, 8.1),
    (344, 23, 14, 7.9),
    (345, 23, 15, 0.9),
    (346, 24, 1, 3.6),
    (347, 24, 2, 1.8),
    (348, 24, 3, 3.6),
    (349, 24, 4, 8.3),
    (350, 24, 5, 6.3),
    (351, 24, 6, 7.6),
    (352, 24, 7, 1.0),
    (353, 24, 8, 9.9),
    (354, 24, 9, 0.6),
    (355, 24, 10, 2.9),
    (356, 24, 11, 2.2),
    (357, 24, 12, 4.1),
    (358, 24, 13, 0.6),
    (359, 24, 14, 7.0),
    (360, 24, 15, 0.1),
    (361, 25, 1, 9.3),
    (362, 25, 2, 8.1),
    (363, 25, 3, 5.9),
    (364, 25, 4, null),
    (365, 25, 5, 8.0),
    (366, 25, 6, 3.6),
    (367, 25, 7, 5.8),
    (368, 25, 8, 6.2),
    (369, 25, 9, 0.7),
    (370, 25, 10, 7.8),
    (371, 25, 11, 6.9),
    (372, 25, 12, 3.5),
    (373, 25, 13, 5.0),
    (374, 25, 14, 2.3),
    (375, 25, 15, 2.8),
    (376, 26, 1, 0.2),
    (377, 26, 2, 7.4),
    (378, 26, 3, 2.9),
    (379, 26, 4, 4.2),
    (380, 26, 5, 0.7),
    (381, 26, 6, 0.7),
    (382, 26, 7, 1.6),
    (383, 26, 8, 3.3),
    (384, 26, 9, 3.7),
    (385, 26, 10, 8.5),
    (386, 26, 11, 4.8),
    (387, 26, 12, 2.2),
    (388, 26, 13, 6.6),
    (389, 26, 14, 9.5),
    (390, 26, 15, 4.6),
    (391, 27, 1, 3.1),
    (392, 27, 2, 4.8),
    (393, 27, 3, 8.7),
    (394, 27, 4, 3.8),
    (395, 27, 5, 6.1),
    (396, 27, 6, 6.8),
    (397, 27, 7, 0.1),
    (398, 27, 8, 9.6),
    (399, 27, 9, 3.1),
    (400, 27, 10, 8.7),
    (401, 27, 11, 5.6),
    (402, 27, 12, 2.2),
    (403, 27, 13, 9.1),
    (404, 27, 14, 6.8),
    (405, 27, 15, 2.3),
    (406, 28, 1, 5.5),
    (407, 28, 2, 8.1),
    (408, 28, 3, 0.8),
    (409, 28, 4, 0.1),
    (410, 28, 5, 3.9),
    (411, 28, 6, 7.3),
    (412, 28, 7, 5.4),
    (413, 28, 8, 3.0),
    (414, 28, 9, 3.7),
    (415, 28, 10, 2.6),
    (416, 28, 11, 5.0),
    (417, 28, 12, 7.6),
    (418, 28, 13, 5.2),
    (419, 28, 14, 5.7),
    (420, 28, 15, 2.8),
    (421, 29, 1, 6.7),
    (422, 29, 2, 3.6),
    (423, 29, 3, 9.4),
    (424, 29, 4, 4.8),
    (425, 29, 5, 8.6),
    (426, 29, 6, 3.3),
    (427, 29, 7, 9.8),
    (428, 29, 8, 2.6),
    (429, 29, 9, 1.6),
    (430, 29, 10, 2.5),
    (431, 29, 11, 3.0),
    (432, 29, 12, 6.7),
    (433, 29, 13, 1.2),
    (434, 29, 14, 9.3),
    (435, 29, 15, 7.6),
    (436, 30, 1, 6.2),
    (437, 30, 2, null),
    (438, 30, 3, 3.0),
    (439, 30, 4, 1.3),
    (440, 30, 5, 6.6),
    (441, 30, 6, 9.3),
    (442, 30, 7, 8.4),
    (443, 30, 8, 5.1),
    (444, 30, 9, 9.1),
    (445, 30, 10, 0.4),
    (446, 30, 11, 2.7),
    (447, 30, 12, 3.9),
    (448, 30, 13, 8.2),
    (449, 30, 14, 7.2),
    (450, 30, 15, 5.2),
    (451, 31, 1, 9.2),
    (452, 31, 2, 8.5),
    (453, 31, 3, 0.7),
    (454, 31, 4, 6.9),
    (455, 31, 5, null),
    (456, 31, 6, 8.8),
    (457, 31, 7, 6.8),
    (458, 31, 8, 1.7),
    (459, 31, 9, 0.6),
    (460, 31, 10, 0.4),
    (461, 31, 11, 4.2),
    (462, 31, 12, 6.6),
    (463, 31, 13, 1.8),
    (464, 31, 14, 9.8),
    (465, 31, 15, 4.3),
    (466, 32, 1, 2.8),
    (467, 32, 2, 2.0),
    (468, 32, 3, 4.6),
    (469, 32, 4, 9.7),
    (470, 32, 5, 4.2),
    (471, 32, 6, 8.4),
    (472, 32, 7, 3.0),
    (473, 32, 8, 8.6),
    (474, 32, 9, 4.3),
    (475, 32, 10, 2.5),
    (476, 32, 11, 3.8),
    (477, 32, 12, 1.6),
    (478, 32, 13, 5.9),
    (479, 32, 14, 2.8),
    (480, 32, 15, 5.5),
    (481, 33, 1, 4.7),
    (482, 33, 2, 6.1),
    (483, 33, 3, 4.5),
    (484, 33, 4, 6.2),
    (485, 33, 5, 9.5),
    (486, 33, 6, 9.3),
    (487, 33, 7, 9.3),
    (488, 33, 8, 8.0),
    (489, 33, 9, 3.3),
    (490, 33, 10, 3.0),
    (491, 33, 11, 9.4),
    (492, 33, 12, 4.4),
    (493, 33, 13, 4.2),
    (494, 33, 14, 0.5),
    (495, 33, 15, 9.1),
    (496, 34, 1, 2.1),
    (497, 34, 2, 8.7),
    (498, 34, 3, 1.9),
    (499, 34, 4, 8.8),
    (500, 34, 5, 9.8),
    (501, 34, 6, 8.3),
    (502, 34, 7, 4.6),
    (503, 34, 8, 0.6),
    (504, 34, 9, 3.7),
    (505, 34, 10, 3.1),
    (506, 34, 11, 0.0),
    (507, 34, 12, 2.8),
    (508, 34, 13, 8.0),
    (509, 34, 14, 5.0),
    (510, 34, 15, 0.3),
    (511, 35, 1, 2.4),
    (512, 35, 2, 6.4),
    (513, 35, 3, 8.2),
    (514, 35, 4, 6.8),
    (515, 35, 5, 1.3),
    (516, 35, 6, 3.8),
    (517, 35, 7, 0.7),
    (518, 35, 8, 5.3),
    (519, 35, 9, 9.5),
    (520, 35, 10, 6.9),
    (521, 35, 11, 7.4),
    (522, 35, 12, 3.9),
    (523, 35, 13, 8.1),
    (524, 35, 14, 6.7),
    (525, 35, 15, 0.0),
    (526, 36, 1, 7.3),
    (527, 36, 2, 7.1),
    (528, 36, 3, 8.1),
    (529, 36, 4, 8.1),
    (530, 36, 5, 3.6),
    (531, 36, 6, 1.4),
    (532, 36, 7, 9.1),
    (533, 36, 8, 1.1),
    (534, 36, 9, 7.7),
    (535, 36, 10, 6.2),
    (536, 36, 11, 4.1),
    (537, 36, 12, 4.3),
    (538, 36, 13, 4.4),
    (539, 36, 14, 7.3),
    (540, 36, 15, 9.6),
    (541, 37, 1, 8.3),
    (542, 37, 2, 0.8),
    (543, 37, 3, 5.8),
    (544, 37, 4, 8.0),
    (545, 37, 5, 0.8),
    (546, 37, 6, 4.3),
    (547, 37, 7, null),
    (548, 37, 8, 5.5),
    (549, 37, 9, 5.4),
    (550, 37, 10, 7.7),
    (551, 37, 11, 6.2),
    (552, 37, 12, 5.5),
    (553, 37, 13, 0.6),
    (554, 37, 14, 8.0),
    (555, 37, 15, 5.4),
    (556, 38, 1, 9.6),
    (557, 38, 2, 3.6),
    (558, 38, 3, 2.9),
    (559, 38, 4, 9.0),
    (560, 38, 5, 9.5),
    (561, 38, 6, 5.0),
    (562, 38, 7, 4.2),
    (563, 38, 8, 0.9),
    (564, 38, 9, 3.1),
    (565, 38, 10, 6.0),
    (566, 38, 11, 2.7),
    (567, 38, 12, 1.7),
    (568, 38, 13, 6.0),
    (569, 38, 14, 3.9),
    (570, 38, 15, 0.7),
    (571, 39, 1, 9.8),
    (572, 39, 2, 2.2),
    (573, 39, 3, 1.0),
    (574, 39, 4, 0.5),
    (575, 39, 5, 9.9),
    (576, 39, 6, 1.9),
    (577, 39, 7, 8.8),
    (578, 39, 8, 6.9),
    (579, 39, 9, null),
    (580, 39, 10, 5.2),
    (581, 39, 11, 3.4),
    (582, 39, 12, 5.5),
    (583, 39, 13, null),
    (584, 39, 14, 9.2),
    (585, 39, 15, 3.1),
    (586, 40, 1, 0.3),
    (587, 40, 2, 8.6),
    (588, 40, 3, 3.7),
    (589, 40, 4, 3.7),
    (590, 40, 5, 8.5),
    (591, 40, 6, 3.5),
    (592, 40, 7, 2.3),
    (593, 40, 8, 9.1),
    (594, 40, 9, 2.0),
    (595, 40, 10, 8.5),
    (596, 40, 11, 6.4),
    (597, 40, 12, 5.7),
    (598, 40, 13, 7.9),
    (599, 40, 14, null),
    (600, 40, 15, 2.9),
    (601, 41, 1, 7.9),
    (602, 41, 2, 6.4),
    (603, 41, 3, 9.5),
    (604, 41, 4, 8.8),
    (605, 41, 5, 3.2),
    (606, 41, 6, 6.1),
    (607, 41, 7, 0.1),
    (608, 41, 8, 7.6),
    (609, 41, 9, 7.8),
    (610, 41, 10, 9.2),
    (611, 41, 11, 1.1),
    (612, 41, 12, 1.4),
    (613, 41, 13, 9.1),
    (614, 41, 14, 6.8),
    (615, 41, 15, 1.2),
    (616, 42, 1, 2.8),
    (617, 42, 2, 6.8),
    (618, 42, 3, null),
    (619, 42, 4, 3.3),
    (620, 42, 5, 3.1),
    (621, 42, 6, 3.0),
    (622, 42, 7, 7.2),
    (623, 42, 8, 6.1),
    (624, 42, 9, 7.8),
    (625, 42, 10, 8.0),
    (626, 42, 11, 8.5),
    (627, 42, 12, 3.5),
    (628, 42, 13, 5.6),
    (629, 42, 14, 5.0),
    (630, 42, 15, 0.9),
    (631, 43, 1, 5.5),
    (632, 43, 2, 6.3),
    (633, 43, 3, 4.0),
    (634, 43, 4, 7.8),
    (635, 43, 5, 6.3),
    (636, 43, 6, 2.4),
    (637, 43, 7, 3.4),
    (638, 43, 8, 6.0),
    (639, 43, 9, 3.7),
    (640, 43, 10, 2.2),
    (641, 43, 11, 3.1),
    (642, 43, 12, 5.2),
    (643, 43, 13, 9.8),
    (644, 43, 14, 6.3),
    (645, 43, 15, 5.2),
    (646, 44, 1, 4.0),
    (647, 44, 2, 8.3),
    (648, 44, 3, 3.5),
    (649, 44, 4, 2.2),
    (650, 44, 5, 4.8),
    (651, 44, 6, 3.6),
    (652, 44, 7, 0.6),
    (653, 44, 8, 9.6),
    (654, 44, 9, 9.6),
    (655, 44, 10, 6.6),
    (656, 44, 11, 2.2),
    (657, 44, 12, null),
    (658, 44, 13, 8.4),
    (659, 44, 14, 0.1),
    (660, 44, 15, 8.2),
    (661, 45, 1, 2.4),
    (662, 45, 2, 9.0),
    (663, 45, 3, 0.5),
    (664, 45, 4, 5.4),
    (665, 45, 5, 4.3),
    (666, 45, 6, 7.6),
    (667, 45, 7, 0.6),
    (668, 45, 8, 5.0),
    (669, 45, 9, 9.7),
    (670, 45, 10, 1.8),
    (671, 45, 11, 10.0),
    (672, 45, 12, 8.5),
    (673, 45, 13, 1.2),
    (674, 45, 14, 1.9),
    (675, 45, 15, 3.4),
    (676, 46, 1, 2.6),
    (677, 46, 2, null),
    (678, 46, 3, 9.8),
    (679, 46, 4, 5.1),
    (680, 46, 5, null),
    (681, 46, 6, 4.0),
    (682, 46, 7, 1.4),
    (683, 46, 8, 8.5),
    (684, 46, 9, 8.9),
    (685, 46, 10, 9.7),
    (686, 46, 11, 4.0),
    (687, 46, 12, 7.2),
    (688, 46, 13, 1.9),
    (689, 46, 14, 5.8),
    (690, 46, 15, 3.2),
    (691, 47, 1, 4.2),
    (692, 47, 2, 3.2),
    (693, 47, 3, 2.7),
    (694, 47, 4, 0.7),
    (695, 47, 5, 8.0),
    (696, 47, 6, null),
    (697, 47, 7, 10.0),
    (698, 47, 8, 6.8),
    (699, 47, 9, 5.8),
    (700, 47, 10, 8.6),
    (701, 47, 11, 1.4),
    (702, 47, 12, 1.5),
    (703, 47, 13, 1.4),
    (704, 47, 14, 9.9),
    (705, 47, 15, 1.7),
    (706, 48, 1, 0.2),
    (707, 48, 2, 2.2),
    (708, 48, 3, 6.0),
    (709, 48, 4, 4.7),
    (710, 48, 5, 2.1),
    (711, 48, 6, 6.5),
    (712, 48, 7, 9.5),
    (713, 48, 8, 2.1),
    (714, 48, 9, 2.1),
    (715, 48, 10, 0.8),
    (716, 48, 11, 7.2),
    (717, 48, 12, 7.1),
    (718, 48, 13, 1.1),
    (719, 48, 14, 4.6),
    (720, 48, 15, 7.5),
    (721, 49, 1, 6.5),
    (722, 49, 2, 5.1),
    (723, 49, 3, 0.5),
    (724, 49, 4, 10.0),
    (725, 49, 5, 2.3),
    (726, 49, 6, 0.5),
    (727, 49, 7, 3.7),
    (728, 49, 8, 3.3),
    (729, 49, 9, 5.3),
    (730, 49, 10, 4.8),
    (731, 49, 11, 8.9),
    (732, 49, 12, null),
    (733, 49, 13, 4.2),
    (734, 49, 14, 6.2),
    (735, 49, 15, null),
    (736, 50, 1, 0.5),
    (737, 50, 2, 3.7),
    (738, 50, 3, 3.7),
    (739, 50, 4, 5.7),
    (740, 50, 5, 0.2),
    (741, 50, 6, 6.2),
    (742, 50, 7, 3.3),
    (743, 50, 8, 0.1),
    (744, 50, 9, 0.1),
    (745, 50, 10, 0.1),
    (746, 50, 11, 0.2),
    (747, 50, 12, 0.9),
    (748, 50, 13, 4.2),
    (749, 50, 14, 4.5),
    (750, 50, 15, 4.3),
    (751, 51, 1, 7.4),
    (752, 51, 2, 3.2),
    (753, 51, 3, 3.6),
    (754, 51, 4, 4.1),
    (755, 51, 5, 5.8),
    (756, 51, 6, 2.9),
    (757, 51, 7, 4.2),
    (758, 51, 8, 0.7),
    (759, 51, 9, 2.4),
    (760, 51, 10, 8.5),
    (761, 51, 11, 6.1),
    (762, 51, 12, 3.9),
    (763, 51, 13, 5.0),
    (764, 51, 14, 3.4),
    (765, 51, 15, 6.0),
    (766, 52, 1, 5.4),
    (767, 52, 2, 5.1),
    (768, 52, 3, 3.2),
    (769, 52, 4, 8.1),
    (770, 52, 5, 9.5),
    (771, 52, 6, 1.9),
    (772, 52, 7, 7.6),
    (773, 52, 8, 3.2),
    (774, 52, 9, 7.7),
    (775, 52, 10, 4.6),
    (776, 52, 11, 0.3),
    (777, 52, 12, 7.6),
    (778, 52, 13, 7.9),
    (779, 52, 14, 2.3),
    (780, 52, 15, 5.1),
    (781, 53, 1, 4.3),
    (782, 53, 2, 1.1),
    (783, 53, 3, 3.7),
    (784, 53, 4, 7.0),
    (785, 53, 5, 4.2),
    (786, 53, 6, 2.3),
    (787, 53, 7, 7.7),
    (788, 53, 8, 9.3),
    (789, 53, 9, 4.7),
    (790, 53, 10, 2.7),
    (791, 53, 11, 2.8),
    (792, 53, 12, 3.4),
    (793, 53, 13, 9.3),
    (794, 53, 14, 1.0),
    (795, 53, 15, 6.8),
    (796, 54, 1, 9.3),
    (797, 54, 2, 3.0),
    (798, 54, 3, 0.9),
    (799, 54, 4, 2.0),
    (800, 54, 5, 9.0),
    (801, 54, 6, 2.2),
    (802, 54, 7, 0.4),
    (803, 54, 8, 6.9),
    (804, 54, 9, 8.7),
    (805, 54, 10, 0.7),
    (806, 54, 11, 4.5),
    (807, 54, 12, 1.5),
    (808, 54, 13, 0.6),
    (809, 54, 14, 3.2),
    (810, 54, 15, 8.7),
    (811, 55, 1, 9.7),
    (812, 55, 2, 3.5),
    (813, 55, 3, 2.2),
    (814, 55, 4, 0.9),
    (815, 55, 5, null),
    (816, 55, 6, 2.3),
    (817, 55, 7, 8.0),
    (818, 55, 8, 9.6),
    (819, 55, 9, 6.7),
    (820, 55, 10, 3.3),
    (821, 55, 11, 1.9),
    (822, 55, 12, 7.8),
    (823, 55, 13, 6.9),
    (824, 55, 14, 9.7),
    (825, 55, 15, 9.3),
    (826, 56, 1, 8.6),
    (827, 56, 2, 2.8),
    (828, 56, 3, 0.4),
    (829, 56, 4, 9.2),
    (830, 56, 5, 5.2),
    (831, 56, 6, 3.4),
    (832, 56, 7, 3.7),
    (833, 56, 8, 0.8),
    (834, 56, 9, 9.8),
    (835, 56, 10, 8.2),
    (836, 56, 11, 0.8),
    (837, 56, 12, 9.1),
    (838, 56, 13, 7.7),
    (839, 56, 14, 5.1),
    (840, 56, 15, 2.4),
    (841, 57, 1, 7.9),
    (842, 57, 2, 4.7),
    (843, 57, 3, 6.6),
    (844, 57, 4, 7.1),
    (845, 57, 5, 6.3),
    (846, 57, 6, 6.7),
    (847, 57, 7, 7.2),
    (848, 57, 8, 1.5),
    (849, 57, 9, 2.4),
    (850, 57, 10, 6.4),
    (851, 57, 11, 5.4),
    (852, 57, 12, null),
    (853, 57, 13, 7.8),
    (854, 57, 14, 7.0),
    (855, 57, 15, 9.7),
    (856, 58, 1, 1.0),
    (857, 58, 2, 1.7),
    (858, 58, 3, 3.5),
    (859, 58, 4, 3.5),
    (860, 58, 5, 8.8),
    (861, 58, 6, 8.7),
    (862, 58, 7, 1.8),
    (863, 58, 8, 0.9),
    (864, 58, 9, 7.5),
    (865, 58, 10, 6.5),
    (866, 58, 11, 6.4),
    (867, 58, 12, 0.6),
    (868, 58, 13, 9.1),
    (869, 58, 14, 6.0),
    (870, 58, 15, 0.6),
    (871, 59, 1, 1.4),
    (872, 59, 2, 7.2),
    (873, 59, 3, 9.2),
    (874, 59, 4, 8.4),
    (875, 59, 5, 8.6),
    (876, 59, 6, 4.0),
    (877, 59, 7, 3.9),
    (878, 59, 8, 9.5),
    (879, 59, 9, 4.7),
    (880, 59, 10, 4.4),
    (881, 59, 11, 0.1),
    (882, 59, 12, 1.6),
    (883, 59, 13, 7.3),
    (884, 59, 14, null),
    (885, 59, 15, 9.6),
    (886, 60, 1, 8.4),
    (887, 60, 2, 4.0),
    (888, 60, 3, 9.2),
    (889, 60, 4, 2.7),
    (890, 60, 5, 9.7),
    (891, 60, 6, 6.7),
    (892, 60, 7, 3.1),
    (893, 60, 8, 6.0),
    (894, 60, 9, 9.7),
    (895, 60, 10, 0.3),
    (896, 60, 11, 3.7),
    (897, 60, 12, 8.6),
    (898, 60, 13, 7.4),
    (899, 60, 14, 9.3),
    (900, 60, 15, 1.6),
    (901, 61, 1, 3.7),
    (902, 61, 2, 7.5),
    (903, 61, 3, 1.1),
    (904, 61, 4, 0.8),
    (905, 61, 5, 7.9),
    (906, 61, 6, 4.3),
    (907, 61, 7, 8.9),
    (908, 61, 8, 0.1),
    (909, 61, 9, 2.7),
    (910, 61, 10, 6.9),
    (911, 61, 11, 5.1),
    (912, 61, 12, 4.0),
    (913, 61, 13, null),
    (914, 61, 14, 7.7),
    (915, 61, 15, 7.1),
    (916, 62, 1, 7.1),
    (917, 62, 2, 3.6),
    (918, 62, 3, 8.3),
    (919, 62, 4, 9.9),
    (920, 62, 5, 6.3),
    (921, 62, 6, 1.2),
    (922, 62, 7, 3.6),
    (923, 62, 8, 0.7),
    (924, 62, 9, 6.3),
    (925, 62, 10, 4.8),
    (926, 62, 11, 0.8),
    (927, 62, 12, 5.4),
    (928, 62, 13, 9.5),
    (929, 62, 14, 9.7),
    (930, 62, 15, 7.6),
    (931, 63, 1, 1.8),
    (932, 63, 2, 5.3),
    (933, 63, 3, 7.6),
    (934, 63, 4, 8.2),
    (935, 63, 5, 0.8),
    (936, 63, 6, 7.2),
    (937, 63, 7, 4.6),
    (938, 63, 8, 8.8),
    (939, 63, 9, 3.0),
    (940, 63, 10, 2.4),
    (941, 63, 11, 5.3),
    (942, 63, 12, 3.1),
    (943, 63, 13, 2.3),
    (944, 63, 14, 5.3),
    (945, 63, 15, 4.9);

INSERT INTO enrollment
    (id, student_id, course_id, total_grade)
VALUES
    (1, 1, 1, 0.0),
    (2, 1, 2, 0.0),
    (3, 1, 3, 0.0),
    (4, 1, 4, 0.0),
    (5, 1, 5, 0.0),
    (6, 2, 1, 0.0),
    (7, 2, 2, 0.0),
    (8, 2, 3, 0.0),
    (9, 2, 4, 0.0),
    (10, 2, 5, 0.0),
    (11, 3, 1, 0.0),
    (12, 3, 2, 0.0),
    (13, 3, 3, 0.0),
    (14, 3, 4, 0.0),
    (15, 3, 5, 0.0),
    (16, 4, 1, 0.0),
    (17, 4, 2, 0.0),
    (18, 4, 3, 0.0),
    (19, 4, 4, 0.0),
    (20, 4, 5, 0.0),
    (21, 5, 1, 0.0),
    (22, 5, 2, 0.0),
    (23, 5, 3, 0.0),
    (24, 5, 4, 0.0),
    (25, 5, 5, 0.0),
    (26, 6, 1, 0.0),
    (27, 6, 2, 0.0),
    (28, 6, 3, 0.0),
    (29, 6, 4, 0.0),
    (30, 6, 5, 0.0),
    (31, 7, 1, 0.0),
    (32, 7, 2, 0.0),
    (33, 7, 3, 0.0),
    (34, 7, 4, 0.0),
    (35, 7, 5, 0.0),
    (36, 8, 1, 0.0),
    (37, 8, 2, 0.0),
    (38, 8, 3, 0.0),
    (39, 8, 4, 0.0),
    (40, 8, 5, 0.0),
    (41, 9, 1, 0.0),
    (42, 9, 2, 0.0),
    (43, 9, 3, 0.0),
    (44, 9, 4, 0.0),
    (45, 9, 5, 0.0),
    (46, 10, 1, 0.0),
    (47, 10, 2, 0.0),
    (48, 10, 3, 0.0),
    (49, 10, 4, 0.0),
    (50, 10, 5, 0.0),
    (51, 11, 1, 0.0),
    (52, 11, 2, 0.0),
    (53, 11, 3, 0.0),
    (54, 11, 4, 0.0),
    (55, 11, 5, 0.0),
    (56, 12, 1, 0.0),
    (57, 12, 2, 0.0),
    (58, 12, 3, 0.0),
    (59, 12, 4, 0.0),
    (60, 12, 5, 0.0),
    (61, 13, 1, 0.0),
    (62, 13, 2, 0.0),
    (63, 13, 3, 0.0),
    (64, 13, 4, 0.0),
    (65, 13, 5, 0.0),
    (66, 14, 1, 0.0),
    (67, 14, 2, 0.0),
    (68, 14, 3, 0.0),
    (69, 14, 4, 0.0),
    (70, 14, 5, 0.0),
    (71, 15, 1, 0.0),
    (72, 15, 2, 0.0),
    (73, 15, 3, 0.0),
    (74, 15, 4, 0.0),
    (75, 15, 5, 0.0),
    (76, 16, 1, 0.0),
    (77, 16, 2, 0.0),
    (78, 16, 3, 0.0),
    (79, 16, 4, 0.0),
    (80, 16, 5, 0.0),
    (81, 17, 1, 0.0),
    (82, 17, 2, 0.0),
    (83, 17, 3, 0.0),
    (84, 17, 4, 0.0),
    (85, 17, 5, 0.0),
    (86, 18, 1, 0.0),
    (87, 18, 2, 0.0),
    (88, 18, 3, 0.0),
    (89, 18, 4, 0.0),
    (90, 18, 5, 0.0),
    (91, 19, 1, 0.0),
    (92, 19, 2, 0.0),
    (93, 19, 3, 0.0),
    (94, 19, 4, 0.0),
    (95, 19, 5, 0.0),
    (96, 20, 1, 0.0),
    (97, 20, 2, 0.0),
    (98, 20, 3, 0.0),
    (99, 20, 4, 0.0),
    (100, 20, 5, 0.0),
    (101, 21, 1, 0.0),
    (102, 21, 2, 0.0),
    (103, 21, 3, 0.0),
    (104, 21, 4, 0.0),
    (105, 21, 5, 0.0),
    (106, 22, 1, 0.0),
    (107, 22, 2, 0.0),
    (108, 22, 3, 0.0),
    (109, 22, 4, 0.0),
    (110, 22, 5, 0.0),
    (111, 23, 1, 0.0),
    (112, 23, 2, 0.0),
    (113, 23, 3, 0.0),
    (114, 23, 4, 0.0),
    (115, 23, 5, 0.0),
    (116, 24, 1, 0.0),
    (117, 24, 2, 0.0),
    (118, 24, 3, 0.0),
    (119, 24, 4, 0.0),
    (120, 24, 5, 0.0),
    (121, 25, 1, 0.0),
    (122, 25, 2, 0.0),
    (123, 25, 3, 0.0),
    (124, 25, 4, 0.0),
    (125, 25, 5, 0.0),
    (126, 26, 1, 0.0),
    (127, 26, 2, 0.0),
    (128, 26, 3, 0.0),
    (129, 26, 4, 0.0),
    (130, 26, 5, 0.0),
    (131, 27, 1, 0.0),
    (132, 27, 2, 0.0),
    (133, 27, 3, 0.0),
    (134, 27, 4, 0.0),
    (135, 27, 5, 0.0),
    (136, 28, 1, 0.0),
    (137, 28, 2, 0.0),
    (138, 28, 3, 0.0),
    (139, 28, 4, 0.0),
    (140, 28, 5, 0.0),
    (141, 29, 1, 0.0),
    (142, 29, 2, 0.0),
    (143, 29, 3, 0.0),
    (144, 29, 4, 0.0),
    (145, 29, 5, 0.0),
    (146, 30, 1, 0.0),
    (147, 30, 2, 0.0),
    (148, 30, 3, 0.0),
    (149, 30, 4, 0.0),
    (150, 30, 5, 0.0),
    (151, 31, 1, 0.0),
    (152, 31, 2, 0.0),
    (153, 31, 3, 0.0),
    (154, 31, 4, 0.0),
    (155, 31, 5, 0.0),
    (156, 32, 1, 0.0),
    (157, 32, 2, 0.0),
    (158, 32, 3, 0.0),
    (159, 32, 4, 0.0),
    (160, 32, 5, 0.0),
    (161, 33, 1, 0.0),
    (162, 33, 2, 0.0),
    (163, 33, 3, 0.0),
    (164, 33, 4, 0.0),
    (165, 33, 5, 0.0),
    (166, 34, 1, 0.0),
    (167, 34, 2, 0.0),
    (168, 34, 3, 0.0),
    (169, 34, 4, 0.0),
    (170, 34, 5, 0.0),
    (171, 35, 1, 0.0),
    (172, 35, 2, 0.0),
    (173, 35, 3, 0.0),
    (174, 35, 4, 0.0),
    (175, 35, 5, 0.0),
    (176, 36, 1, 0.0),
    (177, 36, 2, 0.0),
    (178, 36, 3, 0.0),
    (179, 36, 4, 0.0),
    (180, 36, 5, 0.0),
    (181, 37, 1, 0.0),
    (182, 37, 2, 0.0),
    (183, 37, 3, 0.0),
    (184, 37, 4, 0.0),
    (185, 37, 5, 0.0),
    (186, 38, 1, 0.0),
    (187, 38, 2, 0.0),
    (188, 38, 3, 0.0),
    (189, 38, 4, 0.0),
    (190, 38, 5, 0.0),
    (191, 39, 1, 0.0),
    (192, 39, 2, 0.0),
    (193, 39, 3, 0.0),
    (194, 39, 4, 0.0),
    (195, 39, 5, 0.0),
    (196, 40, 1, 0.0),
    (197, 40, 2, 0.0),
    (198, 40, 3, 0.0),
    (199, 40, 4, 0.0),
    (200, 40, 5, 0.0),
    (201, 41, 1, 0.0),
    (202, 41, 2, 0.0),
    (203, 41, 3, 0.0),
    (204, 41, 4, 0.0),
    (205, 41, 5, 0.0),
    (206, 42, 1, 0.0),
    (207, 42, 2, 0.0),
    (208, 42, 3, 0.0),
    (209, 42, 4, 0.0),
    (210, 42, 5, 0.0),
    (211, 43, 1, 0.0),
    (212, 43, 2, 0.0),
    (213, 43, 3, 0.0),
    (214, 43, 4, 0.0),
    (215, 43, 5, 0.0),
    (216, 44, 1, 0.0),
    (217, 44, 2, 0.0),
    (218, 44, 3, 0.0),
    (219, 44, 4, 0.0),
    (220, 44, 5, 0.0),
    (221, 45, 1, 0.0),
    (222, 45, 2, 0.0),
    (223, 45, 3, 0.0),
    (224, 45, 4, 0.0),
    (225, 45, 5, 0.0),
    (226, 46, 1, 0.0),
    (227, 46, 2, 0.0),
    (228, 46, 3, 0.0),
    (229, 46, 4, 0.0),
    (230, 46, 5, 0.0),
    (231, 47, 1, 0.0),
    (232, 47, 2, 0.0),
    (233, 47, 3, 0.0),
    (234, 47, 4, 0.0),
    (235, 47, 5, 0.0),
    (236, 48, 1, 0.0),
    (237, 48, 2, 0.0),
    (238, 48, 3, 0.0),
    (239, 48, 4, 0.0),
    (240, 48, 5, 0.0),
    (241, 49, 1, 0.0),
    (242, 49, 2, 0.0),
    (243, 49, 3, 0.0),
    (244, 49, 4, 0.0),
    (245, 49, 5, 0.0),
    (246, 50, 1, 0.0),
    (247, 50, 2, 0.0),
    (248, 50, 3, 0.0),
    (249, 50, 4, 0.0),
    (250, 50, 5, 0.0),
    (251, 51, 1, 0.0),
    (252, 51, 2, 0.0),
    (253, 51, 3, 0.0),
    (254, 51, 4, 0.0),
    (255, 51, 5, 0.0),
    (256, 52, 1, 0.0),
    (257, 52, 2, 0.0),
    (258, 52, 3, 0.0),
    (259, 52, 4, 0.0),
    (260, 52, 5, 0.0),
    (261, 53, 1, 0.0),
    (262, 53, 2, 0.0),
    (263, 53, 3, 0.0),
    (264, 53, 4, 0.0),
    (265, 53, 5, 0.0),
    (266, 54, 1, 0.0),
    (267, 54, 2, 0.0),
    (268, 54, 3, 0.0),
    (269, 54, 4, 0.0),
    (270, 54, 5, 0.0),
    (271, 55, 1, 0.0),
    (272, 55, 2, 0.0),
    (273, 55, 3, 0.0),
    (274, 55, 4, 0.0),
    (275, 55, 5, 0.0),
    (276, 56, 1, 0.0),
    (277, 56, 2, 0.0),
    (278, 56, 3, 0.0),
    (279, 56, 4, 0.0),
    (280, 56, 5, 0.0),
    (281, 57, 1, 0.0),
    (282, 57, 2, 0.0),
    (283, 57, 3, 0.0),
    (284, 57, 4, 0.0),
    (285, 57, 5, 0.0),
    (286, 58, 1, 0.0),
    (287, 58, 2, 0.0),
    (288, 58, 3, 0.0),
    (289, 58, 4, 0.0),
    (290, 58, 5, 0.0),
    (291, 59, 1, 0.0),
    (292, 59, 2, 0.0),
    (293, 59, 3, 0.0),
    (294, 59, 4, 0.0),
    (295, 59, 5, 0.0),
    (296, 60, 1, 0.0),
    (297, 60, 2, 0.0),
    (298, 60, 3, 0.0),
    (299, 60, 4, 0.0),
    (300, 60, 5, 0.0),
    (301, 61, 1, 0.0),
    (302, 61, 2, 0.0),
    (303, 61, 3, 0.0),
    (304, 61, 4, 0.0),
    (305, 61, 5, 0.0),
    (306, 62, 1, 0.0),
    (307, 62, 2, 0.0),
    (308, 62, 3, 0.0),
    (309, 62, 4, 0.0),
    (310, 62, 5, 0.0),
    (311, 63, 1, 0.0),
    (312, 63, 2, 0.0),
    (313, 63, 3, 0.0),
    (314, 63, 4, 0.0),
    (315, 63, 5, 0.0),
    (316, 64, 1, 0.0),
    (317, 64, 2, 0.0),
    (318, 64, 3, 0.0),
    (319, 64, 4, 0.0),
    (320, 64, 5, 0.0),
    (321, 65, 1, 0.0),
    (322, 65, 2, 0.0),
    (323, 65, 3, 0.0),
    (324, 65, 4, 0.0),
    (325, 65, 5, 0.0),
    (326, 66, 1, 0.0),
    (327, 66, 2, 0.0),
    (328, 66, 3, 0.0),
    (329, 66, 4, 0.0),
    (330, 66, 5, 0.0),
    (331, 67, 1, 0.0),
    (332, 67, 2, 0.0),
    (333, 67, 3, 0.0),
    (334, 67, 4, 0.0),
    (335, 67, 5, 0.0),
    (336, 68, 1, 0.0),
    (337, 68, 2, 0.0),
    (338, 68, 3, 0.0),
    (339, 68, 4, 0.0),
    (340, 68, 5, 0.0),
    (341, 69, 1, 0.0),
    (342, 69, 2, 0.0),
    (343, 69, 3, 0.0),
    (344, 69, 4, 0.0),
    (345, 69, 5, 0.0),
    (346, 70, 1, 0.0),
    (347, 70, 2, 0.0),
    (348, 70, 3, 0.0),
    (349, 70, 4, 0.0),
    (350, 70, 5, 0.0),
    (351, 71, 1, 0.0),
    (352, 71, 2, 0.0),
    (353, 71, 3, 0.0),
    (354, 71, 4, 0.0),
    (355, 71, 5, 0.0),
    (356, 72, 1, 0.0),
    (357, 72, 2, 0.0),
    (358, 72, 3, 0.0),
    (359, 72, 4, 0.0),
    (360, 72, 5, 0.0),
    (361, 73, 1, 0.0),
    (362, 73, 2, 0.0),
    (363, 73, 3, 0.0),
    (364, 73, 4, 0.0),
    (365, 73, 5, 0.0),
    (366, 74, 1, 0.0),
    (367, 74, 2, 0.0),
    (368, 74, 3, 0.0),
    (369, 74, 4, 0.0),
    (370, 74, 5, 0.0),
    (371, 75, 1, 0.0),
    (372, 75, 2, 0.0),
    (373, 75, 3, 0.0),
    (374, 75, 4, 0.0),
    (375, 75, 5, 0.0),
    (376, 76, 1, 0.0),
    (377, 76, 2, 0.0),
    (378, 76, 3, 0.0),
    (379, 76, 4, 0.0),
    (380, 76, 5, 0.0),
    (381, 77, 1, 0.0),
    (382, 77, 2, 0.0),
    (383, 77, 3, 0.0),
    (384, 77, 4, 0.0),
    (385, 77, 5, 0.0),
    (386, 78, 1, 0.0),
    (387, 78, 2, 0.0),
    (388, 78, 3, 0.0),
    (389, 78, 4, 0.0),
    (390, 78, 5, 0.0),
    (391, 79, 1, 0.0),
    (392, 79, 2, 0.0),
    (393, 79, 3, 0.0),
    (394, 79, 4, 0.0),
    (395, 79, 5, 0.0),
    (396, 80, 1, 0.0),
    (397, 80, 2, 0.0),
    (398, 80, 3, 0.0),
    (399, 80, 4, 0.0),
    (400, 80, 5, 0.0),
    (401, 81, 1, 0.0),
    (402, 81, 2, 0.0),
    (403, 81, 3, 0.0),
    (404, 81, 4, 0.0),
    (405, 81, 5, 0.0),
    (406, 82, 1, 0.0),
    (407, 82, 2, 0.0),
    (408, 82, 3, 0.0),
    (409, 82, 4, 0.0),
    (410, 82, 5, 0.0),
    (411, 83, 1, 0.0),
    (412, 83, 2, 0.0),
    (413, 83, 3, 0.0),
    (414, 83, 4, 0.0),
    (415, 83, 5, 0.0),
    (416, 84, 1, 0.0),
    (417, 84, 2, 0.0),
    (418, 84, 3, 0.0),
    (419, 84, 4, 0.0),
    (420, 84, 5, 0.0),
    (421, 85, 1, 0.0),
    (422, 85, 2, 0.0),
    (423, 85, 3, 0.0),
    (424, 85, 4, 0.0),
    (425, 85, 5, 0.0),
    (426, 86, 1, 0.0),
    (427, 86, 2, 0.0),
    (428, 86, 3, 0.0),
    (429, 86, 4, 0.0),
    (430, 86, 5, 0.0),
    (431, 87, 1, 0.0),
    (432, 87, 2, 0.0),
    (433, 87, 3, 0.0),
    (434, 87, 4, 0.0),
    (435, 87, 5, 0.0),
    (436, 88, 1, 0.0),
    (437, 88, 2, 0.0),
    (438, 88, 3, 0.0),
    (439, 88, 4, 0.0),
    (440, 88, 5, 0.0),
    (441, 89, 1, 0.0),
    (442, 89, 2, 0.0),
    (443, 89, 3, 0.0),
    (444, 89, 4, 0.0),
    (445, 89, 5, 0.0),
    (446, 90, 1, 0.0),
    (447, 90, 2, 0.0),
    (448, 90, 3, 0.0),
    (449, 90, 4, 0.0),
    (450, 90, 5, 0.0);